{"cameraMode":{"drawMode":0,"name":"Shaded","section":"Shading Mode"},"sceneLighting":true,"audioPlay":false,"sceneViewState":{"m_AlwaysRefresh":false,"showFog":true,"showSkybox":true,"showFlares":true,"showImageEffects":true,"showParticleSystems":true,"showVisualEffectGraphs":true,"m_FxEnabled":true},"in2DMode":false,"pivot":{"x":525.5941162109375,"y":413.7641906738281,"z":-178.20208740234376},"rotation":{"x":-0.06101479381322861,"y":-0.12007327377796173,"z":0.007398589048534632,"w":-0.9908726811408997},"size":146.18679809570313,"orthographic":false}